has_setup_py,num_files,total_size_bytes,has_eval,has_exec,has_base64_decode,has_subprocess,has_os_system,has_socket,has_requests_call,has_urllib_request,has_env_access,has_setup_cmdclass_override,has_hex_or_b64_blob,has_getattr_dynamic,has_ctypes,has_marshal_pickle,num_non_py_executable_like,py_code_entropy,py_code_length,num_py_files,package_name,label
1,10,17488,0,0,0,1,0,0,0,0,0,0,1,0,0,0,0,5.212,1608,1,tpreeded,malicious
1,10,17588,0,0,0,1,0,0,0,0,0,0,1,0,0,0,0,5.212,1582,1,posthydra,malicious
1,13,47651,1,0,1,0,0,0,0,0,0,0,1,0,0,0,0,5.834,44386,2,noblessev2,malicious
1,10,18008,0,0,0,1,0,0,0,0,0,0,1,0,0,0,0,5.213,1613,1,tppipmineram,malicious
1,10,18068,0,0,0,1,0,0,0,0,0,0,1,0,0,0,0,5.236,1673,1,esqcvcraftmc,malicious
1,3,67233,0,0,0,0,0,0,0,0,0,0,0,1,1,0,0,4.066,63505,2,clorama,malicious
1,10,18000,0,0,0,1,0,0,0,0,0,0,1,0,0,0,0,5.216,1612,1,esqpongultra,malicious
1,10,18000,0,0,0,1,0,0,0,0,0,0,1,0,0,0,0,5.217,1612,1,esqedcpumask,malicious
1,11,13411,0,0,0,0,0,0,1,0,0,0,0,0,0,0,0,5.164,639,3,tronpropy,malicious
1,10,18136,0,0,0,1,0,0,0,0,0,0,1,0,0,0,0,5.218,1614,1,tppushverpull,malicious
1,7,27893,0,1,0,1,0,0,1,1,0,0,1,0,0,0,0,5.106,26627,1,edgehttp,malicious
1,10,18000,0,0,0,1,0,0,0,0,0,0,1,0,0,0,0,5.216,1612,1,selfpingpush,malicious
1,3,67248,0,0,0,0,0,0,0,0,0,0,0,1,1,0,0,4.066,63515,2,beautiulsoup,malicious
1,13,49753,0,0,1,0,0,0,0,0,1,0,0,0,1,0,0,4.376,45299,5,pyclonefile,malicious
1,10,18512,0,0,0,1,0,0,0,0,0,0,1,0,0,0,0,5.215,1616,1,selfhackedencode,malicious
1,10,17743,0,0,0,1,0,0,0,0,0,0,1,0,0,0,0,5.214,1609,1,esqstrping,malicious
1,10,18000,0,0,0,1,0,0,0,0,0,0,1,0,0,0,0,5.22,1612,1,selfkilllgtb,malicious
1,10,18392,0,0,0,1,0,0,0,0,0,0,1,0,0,0,0,5.216,1616,1,libcraftloadurl,malicious
1,10,18000,0,0,0,1,0,0,0,0,0,0,1,0,0,0,0,5.22,1612,1,libmasklibcv,malicious
1,10,18520,0,0,0,1,0,0,0,0,0,0,1,0,0,0,0,5.214,1617,1,selfmineultraram,malicious
1,10,18452,0,0,0,1,0,0,0,0,0,0,1,0,0,0,0,5.233,1676,1,tpgrandvmpaypal,malicious
1,9,2987,0,0,1,0,1,0,0,0,0,1,1,0,0,0,0,5.221,1570,3,richcolor,malicious
1,7,2741,0,1,0,0,0,0,0,0,0,1,1,0,0,0,0,5.751,1680,1,pytbrch,malicious
1,10,18580,0,0,0,1,0,0,0,0,0,0,1,0,0,0,0,5.233,1677,1,tposintponghydra,malicious
1,10,18129,0,0,0,1,0,0,0,0,0,0,1,0,0,0,0,5.22,1614,1,esqhackedmask,malicious
1,3,67251,0,0,0,0,0,0,0,0,0,0,0,1,1,0,0,4.066,63517,2,beautiflusoup,malicious
1,3,67233,0,0,0,0,0,0,0,0,0,0,0,1,1,0,0,4.066,63505,2,ppsutil,malicious
1,11,237304,0,1,0,0,0,0,0,0,0,0,1,0,0,0,0,6.053,236626,5,zhopaorlaaato,malicious
1,10,18776,0,0,0,1,0,0,0,0,0,0,1,0,0,0,0,5.217,1619,1,tpcandycontrolpush,malicious
1,48,408432,0,1,0,1,1,1,1,1,1,1,1,1,0,1,0,4.881,336718,33,requess,malicious
1,10,18580,0,0,0,1,0,0,0,0,0,0,1,0,0,0,0,5.234,1677,1,tpintgamevirtual,malicious
1,10,18779,0,0,0,1,0,0,0,0,0,0,1,0,0,0,0,5.215,1619,1,selfrandompywosint,malicious
1,10,18000,0,0,0,1,0,0,0,0,0,0,1,0,0,0,0,5.217,1612,1,selframproof,malicious
1,8,1750,0,0,0,0,0,0,0,0,0,1,0,0,0,0,0,5.022,1076,1,mianoplol,malicious
1,9,39412,0,0,0,0,1,0,1,1,0,1,0,0,0,0,0,5.039,2193,1,request91,malicious
1,12,2644,0,0,0,0,0,0,1,0,1,1,0,0,0,0,0,4.828,665,2,firstbasicpyapp,malicious
1,10,17872,0,0,0,1,0,0,0,0,0,0,1,0,0,0,0,5.218,1611,1,librandomvm,malicious
1,8,1553,0,0,0,0,0,0,1,0,0,1,0,0,0,0,0,4.801,876,1,ironic-secureboot-driver,malicious
1,10,17460,0,0,0,1,0,0,0,0,0,0,1,0,0,0,0,5.212,1581,1,pushmask,malicious
0,5,922,0,0,0,0,0,0,1,0,0,0,0,0,0,0,0,4.955,192,1,pyalicet,malicious
1,3,67266,0,0,0,0,0,0,0,0,0,0,0,1,1,0,0,4.066,63527,2,reequests-toolbelt,malicious
1,3,67251,0,0,0,0,0,0,0,0,0,0,0,1,1,0,0,4.066,63517,2,propt-toolkit,malicious
1,7,3541,0,1,0,0,0,0,0,0,0,1,1,0,0,0,0,5.773,1800,1,pytorcu,malicious
1,10,18128,0,0,0,1,0,0,0,0,0,0,1,0,0,0,0,5.219,1613,1,esqhydrasuper,malicious
1,10,17207,0,0,0,1,0,0,0,0,0,0,1,0,0,0,0,5.21,1579,1,httpmc,malicious
1,137,1396362,1,0,1,0,0,0,1,0,1,0,1,1,0,0,0,5.031,1308942,126,aliyun-oss2,malicious
1,10,18384,0,0,0,1,0,0,0,0,0,0,1,0,0,0,0,5.217,1615,1,libmaskrandomcc,malicious
1,10,17204,0,0,0,1,0,0,0,0,0,0,1,0,0,0,0,5.212,1579,1,vminfo,malicious
1,8,911,0,0,0,0,0,0,1,0,0,0,0,0,0,0,0,5.427,405,1,klsosdoids2,malicious
1,12,5383,0,0,0,0,0,0,1,0,0,0,1,0,0,0,0,4.93,1442,3,binance-sdk-ebate,malicious
1,10,18523,0,0,0,1,0,0,0,0,0,0,1,0,0,0,0,5.217,1617,1,selfpostgrandgui,malicious
1,10,17488,0,0,0,1,0,0,0,0,0,0,1,0,0,0,0,5.216,1608,1,py-strvm,malicious
1,10,17716,0,0,0,1,0,0,0,0,0,0,1,0,0,0,0,5.21,1583,1,randpaypal,malicious
1,10,18640,0,0,0,1,0,0,0,0,0,0,1,0,0,0,0,5.219,1617,1,libsuperhydrainfo,malicious
1,10,18000,0,0,0,1,0,0,0,0,0,0,1,0,0,0,0,5.216,1612,1,py-randintel,malicious
1,12,2920,0,0,0,0,1,0,1,0,1,1,0,0,0,0,0,4.74,1006,2,eepl,malicious
1,7,2827,0,1,0,0,0,0,0,0,0,1,1,0,0,0,0,5.724,1682,1,customtkznter,malicious
1,10,17460,0,0,0,1,0,0,0,0,0,0,1,0,0,0,0,5.212,1581,1,pywstudy,malicious
1,10,17716,0,0,0,1,0,0,0,0,0,0,1,0,0,0,0,5.209,1583,1,strreplace,malicious
1,10,18520,0,0,0,1,0,0,0,0,0,0,1,0,0,0,0,5.219,1617,1,libkillrandcandy,malicious
1,10,17588,0,0,0,1,0,0,0,0,0,0,1,0,0,0,0,5.209,1582,1,gameproof,malicious
1,3,1186430,0,1,0,0,0,0,0,0,0,0,1,0,0,0,0,4.821,1185893,2,tryhackme-offensive,malicious
1,10,25602,0,0,1,0,0,0,1,0,0,0,0,0,0,0,0,4.855,23971,3,walletsutils,malicious
1,10,36467,0,0,0,1,1,0,1,1,0,0,1,0,0,0,0,4.893,34650,2,more-colors,malicious
1,10,18596,0,0,0,1,0,0,0,0,0,0,1,0,0,0,0,5.201,1566,1,tpmaskvisacontrol,malicious
1,9,3070,0,0,1,0,1,0,0,0,0,1,1,0,0,0,0,5.49,1874,3,helmerter,malicious
1,8,98683,0,1,0,1,1,0,1,0,1,0,1,0,0,0,0,6.075,97726,2,pipcolouringskits,malicious
1,10,17812,0,0,0,1,0,0,0,0,0,0,1,0,0,0,0,5.231,1671,1,tppullccre,malicious
1,12,2962,0,0,0,0,1,0,1,0,1,1,0,0,0,0,0,4.741,1012,2,statsmodel,malicious
1,3,749812,0,1,0,0,0,0,0,0,0,0,1,0,0,0,0,4.899,749281,2,panderequests,malicious
1,7,3500,0,1,0,0,0,0,0,0,0,1,1,0,0,0,0,5.753,1705,1,coloramwa,malicious
1,10,17460,0,0,0,1,0,0,0,0,0,0,1,0,0,0,0,5.212,1581,1,ramstudy,malicious
1,10,18596,0,0,0,1,0,0,0,0,0,0,1,0,0,0,0,5.205,1566,1,selfgamevirtualad,malicious
1,10,18648,0,0,0,1,0,0,0,0,0,0,1,0,0,0,0,5.215,1618,1,libcontrolinfostr,malicious
1,7,3351,0,1,0,0,0,0,0,0,0,1,1,0,0,0,0,5.784,1882,1,webt3,malicious
1,10,9478633,0,1,1,1,0,0,0,0,0,0,1,0,0,0,0,4.187,9476847,4,pydefendermalware123,malicious
1,7,3633,0,1,0,0,0,0,0,0,0,1,1,0,0,0,0,5.737,1740,1,oillow,malicious
1,7,3789,0,1,0,0,0,0,0,0,0,1,1,0,0,0,0,5.817,1976,1,pytcrch,malicious
1,11,110919,0,0,1,1,0,0,1,0,0,0,0,1,0,0,0,4.76,105983,2,tablates,malicious
0,5,7994,0,0,0,1,0,0,1,1,0,0,1,0,0,0,0,4.614,6891,1,colorate-raimbow,malicious
1,10,18452,0,0,0,1,0,0,0,0,0,0,1,0,0,0,0,5.239,1676,1,libpushmasklgtb,malicious
1,3,67236,0,0,0,0,0,0,0,0,0,0,0,1,1,0,0,4.066,63507,2,reqtrade,malicious
1,10,17940,0,0,0,1,0,0,0,0,0,0,1,0,0,0,0,5.233,1672,1,tppippushvm,malicious
1,3,1673,0,1,0,0,0,0,0,0,0,0,1,0,0,0,0,4.995,1443,2,pthttp,malicious
1,10,18468,0,0,0,1,0,0,0,0,0,0,1,0,0,0,0,5.205,1565,1,py-hydraurlstudy,malicious
1,47,422182,0,1,0,1,0,1,1,1,1,1,0,1,0,1,0,4.83,342610,33,rqrqrq,malicious
1,10,5238,0,0,0,0,1,0,1,0,0,0,0,0,0,0,0,5.056,3983,2,xolozamdgbxywf,malicious
1,7,2544,0,1,0,0,0,0,0,0,0,1,1,0,0,0,0,5.619,1377,1,pollow,malicious
1,7,3131,0,1,0,0,0,0,0,0,0,1,1,0,0,0,0,5.761,1794,1,requirmentstxtt,malicious
0,5,5965,1,0,0,0,0,0,0,0,0,0,1,0,0,0,0,4.566,5251,1,pythonpathenv,malicious
1,10,18084,0,0,0,1,0,0,0,0,0,0,1,0,0,0,0,5.204,1562,1,esqintmaskgui,malicious
1,10,18389,0,0,0,1,0,0,0,0,0,0,1,0,0,0,0,5.215,1616,1,esqencodeadping,malicious
1,10,18896,0,0,0,1,0,0,0,0,0,0,1,0,0,0,0,5.216,1619,1,libcontrolramhacked,malicious
1,8,1221,0,0,0,0,0,0,1,0,0,1,0,0,0,0,0,4.608,715,1,srv-configs,malicious
1,10,17716,0,0,0,1,0,0,0,0,0,0,1,0,0,0,0,5.212,1583,1,proofultra,malicious
1,128,915311,0,1,1,0,0,1,0,1,1,0,0,1,1,1,1,4.699,721174,78,urllib,malicious
1,3,67245,0,0,0,0,0,0,0,0,0,0,0,1,1,0,0,4.066,63513,2,discord-pyy,malicious
1,10,18065,0,0,0,1,0,0,0,0,0,0,1,0,0,0,0,5.233,1673,1,py-strramgui,malicious
1,10,17744,0,0,0,1,0,0,0,0,0,0,1,0,0,0,0,5.216,1610,1,tppullkill,malicious
1,3,67248,0,0,0,0,0,0,0,0,0,0,0,1,1,0,0,4.066,63515,2,scikit-leran,malicious
