has_setup_py,num_files,total_size_bytes,has_eval,has_exec,has_base64_decode,has_subprocess,has_os_system,has_socket,has_requests_call,has_urllib_request,has_env_access,has_setup_cmdclass_override,has_hex_or_b64_blob,has_getattr_dynamic,has_ctypes,has_marshal_pickle,num_non_py_executable_like,py_code_entropy,py_code_length,num_py_files,ast_parse_success,ast_num_dangerous_builtin_calls,ast_num_getattr_obfuscation,ast_num_dynamic_calls,ast_num_imports,ast_num_high_entropy_strings,ast_max_string_entropy,ast_num_functions,ast_max_nesting_depth,package_name,label
1,13,47651,1,0,1,0,0,0,0,0,0,0,1,0,0,0,0,5.834,44386,2,1,7,0,0,2,6,5.59,0,10,noblessev2,malicious
1,7,27893,0,1,0,1,0,0,1,1,0,0,1,0,0,0,0,5.106,26627,1,1,2,0,0,20,31,5.438,26,14,edgehttp,malicious
1,7,2741,0,1,0,0,0,0,0,0,0,1,1,0,0,0,0,5.751,1680,1,1,1,0,0,6,2,5.39,1,10,pytbrch,malicious
1,11,237304,0,1,0,0,0,0,0,0,0,0,1,0,0,0,0,6.053,236626,5,1,6,0,0,4,0,0.0,0,8,zhopaorlaaato,malicious
1,48,408432,0,1,0,1,1,1,1,1,1,1,1,1,0,1,0,4.881,336718,33,1,2,0,3,272,230,5.7,631,16,requess,malicious
1,7,3541,0,1,0,0,0,0,0,0,0,1,1,0,0,0,0,5.773,1800,1,1,1,0,0,6,1,5.67,1,10,pytorcu,malicious
1,137,1396362,1,0,1,0,0,0,1,0,1,0,1,1,0,0,0,5.031,1308942,126,1,1,0,0,733,826,6.764,1523,24,aliyun-oss2,malicious
1,7,2827,0,1,0,0,0,0,0,0,0,1,1,0,0,0,0,5.724,1682,1,1,1,0,0,6,2,5.324,1,10,customtkznter,malicious
1,3,1186430,0,1,0,0,0,0,0,0,0,0,1,0,0,0,0,4.821,1185893,2,1,2,0,0,4,2,5.794,0,9,tryhackme-offensive,malicious
1,10,36467,0,0,0,1,1,0,1,1,0,0,1,0,0,0,0,4.893,34650,2,1,1,0,0,19,34,5.47,32,18,more-colors,malicious
1,8,98683,0,1,0,1,1,0,1,0,1,0,1,0,0,0,0,6.075,97726,2,1,0,0,0,5,2,6.003,0,9,pipcolouringskits,malicious
1,3,749812,0,1,0,0,0,0,0,0,0,0,1,0,0,0,0,4.899,749281,2,1,2,0,0,4,2,5.78,0,9,panderequests,malicious
1,7,3500,0,1,0,0,0,0,0,0,0,1,1,0,0,0,0,5.753,1705,1,1,1,0,0,6,2,5.639,1,10,coloramwa,malicious
1,7,3351,0,1,0,0,0,0,0,0,0,1,1,0,0,0,0,5.784,1882,1,1,1,0,0,6,2,5.605,1,10,webt3,malicious
1,10,9478633,0,1,1,1,0,0,0,0,0,0,1,0,0,0,0,4.187,9476847,4,1,1,0,0,10,3,5.048,20,10,pydefendermalware123,malicious
1,7,3633,0,1,0,0,0,0,0,0,0,1,1,0,0,0,0,5.737,1740,1,1,1,0,0,6,2,5.66,1,10,oillow,malicious
1,7,3789,0,1,0,0,0,0,0,0,0,1,1,0,0,0,0,5.817,1976,1,1,1,0,0,6,2,5.67,1,10,pytcrch,malicious
1,3,1673,0,1,0,0,0,0,0,0,0,0,1,0,0,0,0,4.995,1443,2,1,3,0,0,1,1,5.586,1,8,pthttp,malicious
1,47,422182,0,1,0,1,0,1,1,1,1,1,0,1,0,1,0,4.83,342610,33,1,2,0,3,253,229,5.7,641,16,rqrqrq,malicious
1,7,2544,0,1,0,0,0,0,0,0,0,1,1,0,0,0,0,5.619,1377,1,1,1,0,0,6,2,5.425,1,10,pollow,malicious
1,7,3131,0,1,0,0,0,0,0,0,0,1,1,0,0,0,0,5.761,1794,1,1,1,0,0,6,2,5.523,1,10,requirmentstxtt,malicious
0,5,5965,1,0,0,0,0,0,0,0,0,0,1,0,0,0,0,4.566,5251,1,1,2,0,0,0,1,5.854,0,7,pythonpathenv,malicious
1,128,915311,0,1,1,0,0,1,0,1,1,0,0,1,1,1,1,4.699,721174,78,0,0,0,0,0,0,0.0,0,0,urllib,malicious
1,7,3319,0,1,0,0,0,0,0,0,0,1,1,0,0,0,0,5.727,1646,1,1,1,0,0,6,2,5.654,1,10,py-corfd,malicious
1,11,2962,0,1,0,0,0,0,0,0,0,0,0,0,0,0,0,4.884,908,3,1,6,0,0,7,1,4.268,0,10,maxpatrol,malicious
1,8,69764,0,0,0,1,1,0,1,1,0,0,0,0,0,0,0,4.881,68116,2,1,2,0,0,37,69,5.412,58,18,scraperworldapi,malicious
1,13,21208,1,0,1,0,0,0,0,0,0,0,1,0,0,0,0,5.322,16673,5,1,2,0,4,3,7,6.368,2,16,pyprotectfile,malicious
1,7,3497,0,1,0,0,0,0,0,0,0,1,1,0,0,0,0,5.791,1908,1,1,1,0,0,6,1,5.639,1,10,requiremetns,malicious
1,8,196442,0,1,0,0,0,0,0,0,0,0,1,0,0,0,0,4.811,195367,2,1,2,0,0,4,2,5.78,0,9,aeodatav04,malicious
1,7,2790,0,1,0,0,0,0,0,0,0,1,1,0,0,0,0,5.698,1551,1,1,1,0,0,6,2,5.389,1,10,Sijplejson,malicious
0,9,464204,0,1,0,0,0,0,0,1,0,0,0,0,0,1,0,4.38,461837,1,1,1,0,0,14,0,0.0,0,8,discord-slash,malicious
1,7,2936,0,1,0,0,0,0,0,0,0,1,1,0,0,0,0,5.723,1637,1,1,1,0,0,6,2,5.506,1,10,Matplotlr,malicious
1,7,3018,0,1,0,0,0,0,0,0,0,1,1,0,0,0,0,5.679,1535,1,1,1,0,0,6,2,5.642,1,10,pycjrd,malicious
1,7,2778,0,1,0,0,0,0,0,0,0,1,1,0,0,0,0,5.678,1467,1,1,1,0,0,6,2,5.59,1,10,py-cocd,malicious
0,8,96645,0,1,0,0,0,0,0,0,0,0,1,0,0,0,0,5.723,95513,1,1,1,0,0,1,1,5.69,0,6,xoloqiyrnnqwll,malicious
1,10,148555,1,0,0,0,0,0,0,0,0,0,0,0,0,0,0,3.482,147191,2,1,1,0,0,1,0,3.434,2,10,type a own package name,malicious
1,47,422578,0,1,0,1,0,1,1,1,1,1,0,1,0,1,0,4.831,342606,33,1,2,0,3,253,229,5.7,641,16,requests-new-module,malicious
1,8,2622,0,1,1,1,0,0,1,0,0,0,0,0,0,0,0,5.648,1534,2,1,1,0,0,9,1,4.57,0,6,os-numpy,malicious
1,8,2644,0,1,1,1,0,0,1,0,0,0,0,0,0,0,0,5.653,1528,2,1,1,0,0,9,1,4.57,0,6,sqlalchemy-install,malicious
1,8,55455,0,1,0,1,0,0,1,1,0,0,1,0,0,0,0,5.107,53294,2,1,4,0,0,40,62,5.614,52,14,httpxrequesterv2,malicious
1,7,2796,0,1,0,0,0,0,0,0,0,1,1,0,0,0,0,5.647,1453,1,1,1,0,0,6,2,5.519,1,10,insanepackageongong192,malicious
1,3,1964,0,1,0,0,0,0,0,0,0,0,1,0,0,0,0,4.976,1704,2,1,3,0,0,2,2,5.566,1,8,httops,malicious
1,7,3505,0,1,0,0,0,0,0,0,0,1,1,0,0,0,0,5.733,1708,1,1,1,0,0,6,1,5.65,1,10,reqeosts,malicious
1,29,98622,0,1,0,0,0,0,0,0,1,0,1,0,1,0,2,5.036,39706,17,1,3,0,0,58,17,5.541,67,18,urllib12,malicious
0,11,13808,0,0,0,1,0,0,1,0,0,0,0,0,0,0,0,4.297,2808,2,1,1,0,0,7,1,4.242,4,14,extrazip,malicious
1,14,6037,0,1,1,0,0,0,0,1,1,1,0,0,0,0,0,5.148,4939,4,1,1,0,0,14,3,5.151,8,15,request,malicious
1,10,151661,1,0,0,0,0,0,0,0,0,0,0,0,0,0,0,3.486,150369,2,1,1,0,0,1,0,3.434,2,10,bloxflipscraper,malicious
1,9,6816,0,1,0,0,0,0,0,0,0,0,1,0,0,0,0,4.604,6029,3,1,3,0,0,7,1,5.558,9,13,pvhttp,malicious
1,8,55499,0,1,0,1,0,0,1,1,0,0,1,0,0,0,0,5.107,53316,2,1,4,0,0,40,62,5.451,52,14,3m-promo-link-gen,malicious
1,7,27920,0,1,0,1,0,0,1,1,0,0,1,0,0,0,0,5.107,26633,1,1,2,0,0,20,31,5.378,26,14,python-cord,malicious
1,7,3623,0,1,0,0,0,0,0,0,0,1,1,0,0,0,0,5.81,1950,1,1,1,0,0,6,2,5.624,1,10,opensa,malicious
1,10,7121591,0,1,0,0,0,0,0,0,0,0,0,0,0,0,0,3.522,7114966,2,1,0,0,0,6,1,4.363,0,9,pystiles,malicious
1,10,1713,0,1,1,0,0,0,0,0,0,0,1,0,0,0,0,5.521,816,3,1,2,0,0,3,0,0.0,0,10,web3wallet,malicious
1,7,28026,0,1,0,1,0,0,1,1,0,0,1,0,0,0,0,5.106,26657,1,1,2,0,0,20,31,5.447,26,14,aio-http-proxy-support,malicious
0,7,51258,1,0,1,0,0,0,0,0,0,0,1,0,0,0,0,5.691,46202,1,1,7,0,0,1,4,5.6,0,7,packagescraperlib,malicious
1,3,2030929,0,1,0,0,0,0,0,0,0,0,1,0,0,0,0,4.857,2030403,2,1,2,0,0,4,2,5.781,0,9,libidreq,malicious
1,7,4038,0,1,0,0,0,0,0,0,0,1,1,0,0,0,0,5.812,2123,1,1,1,0,0,6,2,5.632,1,10,temsorflow,malicious
1,9,414207,0,0,0,1,1,0,1,1,0,0,1,0,0,0,0,5.68,317475,1,1,3205,0,0,84,34,5.503,98,29,properxies,malicious
1,7,3772,0,1,0,0,0,0,0,0,0,1,1,0,0,0,0,5.791,1949,1,1,1,0,0,6,2,5.642,1,10,requiremetstxt,malicious
1,3,1689452,0,1,0,0,0,0,0,0,0,0,1,0,0,0,0,4.836,1688924,2,1,2,0,0,4,2,5.781,0,9,cloudfix,malicious
1,13,15079,0,1,0,0,1,1,0,0,0,1,0,0,0,0,0,4.987,5365,4,1,1,0,0,11,3,4.27,6,10,networkx-match-algr,malicious
0,569,6071458,0,1,1,0,0,0,0,0,1,0,1,0,0,0,0,4.889,40265,6,1,1,0,0,23,14,8.0,72,15,rich-figlet,malicious
1,7,27904,0,1,0,1,0,0,1,1,0,0,1,0,0,0,0,5.106,26629,1,1,2,0,0,20,31,5.432,26,14,n1trobrdr,malicious
0,10,43867,0,0,0,1,1,0,1,1,0,0,1,0,0,0,0,4.924,33801,1,1,1,0,0,19,34,5.355,29,18,requesters,malicious
0,11,8719,0,1,0,0,1,0,0,0,0,0,0,0,0,0,0,0.585,5320,2,1,1,0,0,2,0,0.0,0,5,fernets,malicious
1,8,2697,0,1,1,1,0,0,1,0,0,0,0,0,0,0,0,5.652,1535,2,1,1,0,0,9,1,4.57,0,6,beautifulsoup-scikit-learn,malicious
1,7,2699,0,1,0,0,0,0,0,0,0,1,1,0,0,0,0,5.694,1518,1,1,1,0,0,6,2,5.411,1,10,etheriumm,malicious
1,3,1422,0,1,0,0,0,0,1,0,0,0,0,0,0,0,0,4.825,875,2,1,1,0,0,7,0,0.0,0,8,relefpots,malicious
1,9,36819,0,0,0,1,1,0,1,1,0,0,1,0,0,0,0,4.92,35135,3,1,1,0,0,19,36,5.483,30,18,pipstyle,malicious
1,7,3061,0,1,0,0,0,0,0,0,0,1,1,0,0,0,0,5.724,1620,1,1,1,0,0,6,2,5.592,1,10,openza,malicious
1,7,2986,0,1,0,0,0,0,0,0,0,1,1,0,0,0,0,5.757,1739,1,1,1,0,0,6,1,5.583,1,10,requirment,malicious
1,76,479989,0,1,0,0,1,1,1,1,1,0,1,1,0,1,0,4.609,359846,34,1,3,0,3,257,244,5.7,664,16,invokehttp,malicious
1,7,2617,0,1,0,0,0,0,0,0,0,1,0,0,0,0,0,5.648,1496,1,1,1,0,0,6,2,5.263,1,10,Matplottlab,malicious
1,8,2611,0,1,1,1,0,0,1,0,0,0,0,0,0,0,0,5.657,1533,2,1,1,0,0,9,2,4.57,0,6,req-os,malicious
1,10,21146,1,0,0,0,0,0,0,0,0,0,0,0,0,0,0,3.526,19771,2,1,1,0,0,1,0,3.434,2,10,282828282828282828,malicious
1,7,3345,0,1,0,0,0,0,0,0,0,1,1,0,0,0,0,5.759,1736,1,1,1,0,0,6,1,5.646,1,10,asyncci,malicious
1,7,28007,0,1,0,1,0,0,1,1,0,0,1,0,0,0,0,5.117,26746,1,1,2,0,0,20,31,5.452,26,14,mallody,malicious
1,7,2816,0,1,0,0,0,0,0,0,0,1,1,0,0,0,0,5.667,1477,1,1,1,0,0,6,2,5.607,1,10,coloramia,malicious
1,11,37170,0,1,0,0,0,0,0,0,0,0,0,0,0,0,0,5.012,964,1,1,1,0,0,2,0,3.691,0,10,crytic_compilers,malicious
1,7,3283,0,1,0,0,0,0,0,0,0,1,1,0,0,0,0,5.799,1846,1,1,1,0,0,6,2,5.614,1,10,BeautifolSoup,malicious
1,11,47633,0,1,0,0,0,0,0,0,0,0,1,0,0,0,0,5.113,1899,1,1,3,0,0,1,1,5.574,0,8,mozilla,malicious
1,7,3454,0,1,0,0,0,0,0,0,0,1,1,0,0,0,0,5.796,1875,1,1,1,0,0,6,1,5.63,1,10,werb3,malicious
1,8,2652,0,1,1,1,0,0,1,0,0,0,0,0,0,0,0,5.653,1536,2,1,1,0,0,9,2,4.57,0,6,matplotlib-req,malicious
1,7,2672,0,1,0,0,0,0,0,0,0,1,1,0,0,0,0,5.642,1429,1,1,1,0,0,6,2,5.546,1,10,requeksts,malicious
1,10,1638,0,1,1,0,0,0,0,0,0,0,1,0,0,0,0,5.542,806,3,1,2,0,0,3,0,0.0,0,10,websign,malicious
1,47,422602,0,1,0,1,0,1,1,1,1,1,0,1,0,1,0,4.83,342620,33,1,2,0,3,253,229,5.7,641,16,updated-requests,malicious
1,7,3962,0,1,0,0,0,0,0,0,0,1,1,0,0,0,0,5.82,2067,1,1,1,0,0,6,2,5.647,1,10,custoqtkinter,malicious
1,7,2751,0,1,0,0,0,0,0,0,0,1,1,0,0,0,0,5.722,1578,1,1,1,0,0,6,2,5.446,1,10,PyGaqme,malicious
1,68,974165,0,1,1,0,0,0,0,0,0,0,1,1,0,0,0,4.765,279407,38,1,2,0,6,139,134,4.688,352,18,botoo3,malicious
1,10,2260,0,1,0,0,0,0,0,0,0,0,1,0,0,0,0,5.903,1436,2,1,3,0,0,1,2,5.614,0,8,setupyntx,malicious
1,7,3299,0,1,0,0,0,0,0,0,0,1,1,0,0,0,0,5.773,1726,1,1,1,0,0,6,2,5.627,1,10,wb3-py,malicious
1,29,98166,0,1,0,0,0,0,0,0,1,0,1,0,1,0,2,5.181,39422,17,1,6,0,0,58,18,5.578,67,18,stringe,malicious
1,10,16508,0,0,0,0,0,0,0,0,0,0,0,0,0,0,0,4.894,15272,2,1,1,0,8,3,2,4.397,7,14,xolopfydnuxyfh,malicious
1,7,3620,0,1,0,0,0,0,0,0,0,1,1,0,0,0,0,5.803,1937,1,1,1,0,0,6,2,5.65,1,10,requirementt,malicious
1,7,2847,0,1,0,0,0,0,0,0,0,1,1,0,0,0,0,5.714,1634,1,1,1,0,0,6,1,5.551,1,10,requirtements,malicious
1,7,3449,0,1,0,0,0,0,0,0,0,1,1,0,0,0,0,5.763,1804,1,1,1,0,0,6,2,5.638,1,10,seliniumn,malicious
1,9,49699,0,1,0,0,0,0,0,0,0,1,1,0,0,0,0,6.024,49117,2,1,3,0,0,2,0,0.0,1,10,pypiion,malicious
1,7,3604,0,1,0,0,0,0,0,0,0,1,1,0,0,0,0,5.736,1741,1,1,1,0,0,6,2,5.632,1,10,reqoests,malicious
1,8,47524,0,1,1,0,0,0,0,0,0,0,1,0,0,0,0,5.535,47200,2,1,1,0,0,2,1,5.487,0,8,hyperreq,malicious
1,10,9554,1,0,1,0,0,0,0,0,0,0,1,0,0,0,0,5.509,8914,4,1,1,0,2,1,3,6.387,0,16,pycracker,malicious
